dao1aCKPQmx2,28-07-2020,JOHN,AM739sMMVVla,WILLIAM,81Usd0SG05go,2500
YbwaYTLFz6Mp,28-07-2020,JAMES,4DhYTUavQ4Dk,ELEN,pkSDHmHZ9zMr,14587.23
nN1RDBHXMU4n,28-07-2020,LINDA,xuBmaMNs0H8E,CLINTON,4CdvHis2fhGH,987546.2
7RAy7we5kMGS,28-07-2020,EDWARD,coAL37bKqMyw,JEFFERSON,Q0UrB6iTfkxZ,5598.2
J9CQrl646ssC,28-07-2020,PATRICK,EMFbUuhyqhOu,CLAIRE,VpIralqLyBqA,65974.2
HeJtQQo1AYRI,28-07-2020,BILL,V8t9L1Kw31PN,RON,Phmfj4MyNqee,1141.78
f7f4xDW7V0lb,28-07-2020,ELON,yVghILisC1ls,ANDREW,Xux6mdf4tzw5,22036
WknHWYg4qjrS,28-07-2020,SANDRA,XTFdFqSeb1wA,EDD,MWXtGfczIFdJ,9824.32
8sGaeuBaIoPn,28-07-2020,RICK,gVtUmDrVlj2V,RYAN,mDFK6CXrrZFn,77874.6
YzF7QXHLfRi6,28-08-2020,BEN,4DiEHf90LstG,EMMA,5HgVUmIcrcPB,56000
m0qkMqRMF1pJ,30-01-2001,GARY,,HOODA,,-5846
K5MTsWaWWCs7,28-23-2018,GUNTHER,,MICHELLE,,-666
5UnwgMA9xzrZ,05-10-2017,PRAT,AY8YLJYHJ0DM,KHANH,,2533
2UnKrHjOJqWJ,28-07-2020,RACHEL,8VNXG6H0KXL0,REYNOLD,YHK617BIQHSZ,1499
B4z0fMAAN9vJ,30-11-2016,MONICA,RD09PV1N67TG,NIGELLA,XUXBL7G22LB3,500
kWjyeLfVv5JZ,06-12-2010,ROSS,8EZJYPB9M7VJ,GORDON,OI121SMV14,-57498
MlKv19bEloyc,01-01-2010,SASHI,3NEQ1PQ51SIN,GARY,E2RWQUSE8G0X,1748
4C6M5wwLTL01,01-02-2016,CHLOE,PN8ZSOHGCE2R,GEORGE,,2222
aZoE6bSFQOHy,03-02-2005,REECE,HJURTWA70219,1543,2WPGOY8CHA9A,32145
uzOcaNaHVoE0,03-06-2007,BRENDAN,4HHGGNCIWI8O,77878,2XQ27V0R5OOL,-6971
S4ZP6QC7C1UL,01-01-2001,KRISTEN,42MH0ZWKIRG5,ARTHUR,354VDA9Q4BLC,500
59T92AFYSBC5,28-07-2020,RUCHA,8I4826XOK0QO,PRINCE,MDWG7JOQ2GWT,400
QVEKXUMU6ROK,27-07-2020,CHINMAY,64YRC6ZWQS1B,DAVID,E3FHXETQ5PQV,600
OL1VW5CUNEBZ,27-07-2020,APURVA,3LE0H4QLMD96,HARPER,AUWIFOJ3ITMG,500
MKH05UC6CS40,27-07-2020,GEET,FNG2AMITJFG7,VICTORIA,J82AXH32CKKD,1235
ILEFMHOZBL4F,27-07-2020,SANDESH,K3XJB60U4MLA,RITA,C0IQK1E98N8E,500
F6XKCO1SL4IU,28-07-2020,MICHAEL,R61203DFGZHA,POMO,BMGRFOK5ZX38,7500
Q8LX369MZM67,12-09-2012,RON,AUCCYUU5XVDX,12,4HKD7KAC1LNR,84000
I0MZ3E746BEO,05-01-1300,HARRY,OP0RC42A22TW,USSAIN,,400
LV2NUMVMDV0N,28-07-2020,PRITI,FWBGUUA8MKSI,JUI,GD980OYJ1EZW,5000
